{"representatives":[[[25,26],[24,25],[26,27],[20,21],[19,20],[21,22],[27,28],[28,29],[29,30],[19,30],[22,23],[23,24]],[[36,37],[37,38],[35,36],[32,33],[31,32],[29,30],[30,31],[29,38],[33,34],[34,35]],[[49,50],[48,49],[46,47],[47,48],[40,50],[40,41],[41,42],[42,43],[43,44],[44,45],[45,46]],[[18,19],[29,30],[19,30],[18,29]],[[38,39],[29,30],[29,38],[30,39]],[[32,33],[31,32],[30,31],[30,39],[33,43],[39,40],[40,41],[41,42],[42,43]],[[40,41],[49,50],[48,49],[40,50],[41,48]],[[42,43],[46,47],[42,47],[43,44],[44,45],[45,46]],[[3,4],[59,60],[63,64],[4,5],[60,61],[62,63],[61,62],[29,38],[1,64],[1,2],[2,3],[5,6],[6,7],[7,8],[8,9],[9,10],[10,11],[11,12],[12,13],[13,14],[14,15],[15,16],[16,17],[17,18],[18,19],[19,29],[38,39],[39,40],[40,49],[49,50],[50,51],[51,52],[52,53],[53,54],[54,55],[55,56],[56,57],[57,58],[58,59]],[[1,2],[63,64],[4,5],[5,6],[62,63],[61,62],[1,64],[6,61],[2,3],[3,4]],[[20,21],[19,20],[21,22],[32,33],[31,32],[19,31],[22,35],[33,34],[34,35]],[[5,6],[61,62],[6,61],[5,62]],[[63,64],[62,63],[5,62],[9,64],[5,6],[6,7],[7,8],[8,9]],[[42,43],[32,33],[33,43],[32,42]],[[8,9],[63,64],[9,64],[8,63]],[[30,31],[30,39],[31,41],[39,40],[40,41]],[[3,4],[62,63],[3,63],[4,5],[5,6],[6,7],[7,62]],[[26,27],[19,20],[19,27],[20,26]]],"non_Z2_coefficients":[],"generators_rational":{"5":[[38,39],[29,30],[29,38],[30,39]],"16":[[30,31],[39,41],[30,39],[31,41]],"12":[[5,6],[61,62],[6,61],[5,62]],"8":[[42,43],[46,47],[43,46],[42,47]],"17":[[3,4],[62,63],[4,62],[3,63]],"1":[[25,26],[24,25],[26,27],[20,21],[19,20],[21,22],[27,28],[28,29],[29,30],[22,24],[19,30]],"6":[[32,33],[31,32],[30,31],[39,41],[41,43],[30,39],[33,43]],"11":[[20,21],[19,20],[21,22],[32,33],[31,32],[33,35],[19,31],[22,35]],"9":[[3,4],[59,60],[63,64],[4,5],[60,61],[62,63],[61,62],[53,55],[38,40],[13,15],[9,11],[11,13],[15,17],[29,38],[40,50],[55,57],[7,9],[1,3],[57,59],[17,29],[5,7],[50,53],[1,64]],"14":[[42,43],[32,33],[33,43],[32,42]],"3":[[49,50],[48,49],[46,47],[47,48],[40,42],[44,46],[42,44],[40,50]],"7":[[40,41],[49,50],[48,49],[40,50],[41,48]],"4":[[18,19],[29,30],[19,30],[18,29]],"13":[[63,64],[62,63],[7,9],[5,7],[5,62],[9,64]],"15":[[8,9],[63,64],[9,64],[8,63]],"2":[[36,37],[37,38],[35,36],[32,33],[31,32],[29,30],[30,31],[33,35],[29,38]],"10":[[1,2],[63,64],[4,5],[5,6],[62,63],[61,62],[1,64],[2,4],[6,61]],"18":[[26,27],[19,20],[19,27],[20,26]]},"barcode":[[2.120922813369829,2.137079697021363,2.158790679797031,2.1658809023462,2.2563845596844287,2.325994477131891,2.3358477415096033,2.393897890989561,2.4026949329237053,2.4204020919140983,2.4241872006741434,2.444192007541033,2.457619792821018,2.464136500223896,2.504995071337249,2.604038077105474,2.6065306362683422,2.60990796503109],[2.7335536787653743,3.005679544607957,2.570924742007109,2.2993521207010166,2.4054143932374457,2.7671976610823044,2.3611108196450252,2.560097918895145,6.847699538285365,2.801041991357656,2.7769838378474963,2.4573940903084037,2.769223431671247,2.531285695071151,2.6087479366888773,2.6357998279852732,2.651337731020054,2.7098547050418]]}